title,price,stock,category,description
Goo.N Smile Baby Pants M20,Rp 28.100,In Stock,cat3,"Jika si kecil selalu menangis setiap buang air kecil, saatnya Anda beralih menggunakan popok Goo.N Smile Baby Pants M20. Popok celana ini dibuat dengan bantalan tipis dan daya serap tinggi sehingga lebih nyaman digunakan saat beraktivitas dalam waktu lama.. Karet pinggang dan paha elastis. Wonder Line, terdapat garis penyebar pipis (menyebarkan cairan ke seluruh permukaan popok). Permukaan tetap kering hingga 5 kali pipis (1 kali pipis = 40 ml)"
Huggies Dry Pants M 40,Rp 107.516,In Stock,cat3,"Gunakan popok berbentuk celana praktis Huggies Dry Pants M40 untuk dipakaikan pada bayi yang aktif bergerak. Popok ini dilengkapi dengan 1000 lubang penyerap dengan saluran yang menyerap cairan seketika dan mengalirkannya untuk menjaga kulit bayi tetap kering.. Dilengkapi karet pinggang elastis dan bantalan selembut kain. Terdapat bantalan selembut kain yang membantu mengurangi tekanan pada kulit serta tidak meninggalkan bekas. Mempunyai sistem 4 lekukan tubuh yang dapat menyesuaikan dengan lekuk tubuh bayi, yaitu pada bagian perut-pinggul-panggul-paha"
Mamamia Pants L30,Rp 45.600,In Stock,cat3,"Berikan kenyamanan saat si kecil beraktivitas dengan menggunakan Mamamia Pants L30. Popok bayi model celana yang dirancang khusus untuk bayi dengan berat 9-14 kg. Si kecil pun akan selalu nyaman dan bebas bergerak!. Bahan berkualitas terbaik yang mencegah terjadinya iritasi di kulit bayi. Kandungan super gel yang memiliki daya serap lebih cepat. Breathable layer, lapisan bersirkulasi udara yang mengikuti lekuk tubuh bayi sehingga lebih mudah digunakan"
Mamypoko Junior Night Pants XXL 28 girls,Rp 137.500,In Stock,cat2,Berikan kenyamanan saat si kecil tidur di malam hari dengan memakaikannya Mamypoko Junior Night Pants XXL 28 Girls. Memiliki daya serap tinggi yang membuat kulit si kecil tetap kering sehingga jauh dari ruam popok. Buah hati Anda pun dapat tidur dengan nyenyak semalaman.. Tidak menyebabkan iritasi pada kulit si kecil. Ideal untuk anak dengan berat 15 hingga 25 kg. Cocok untuk anak perempuan
Mamypoko Pants Standar XL38,Rp 79.632,In Stock,cat2,"Berikan kenyamanan untuk si kecil saat beraktivitas menggunakan MamyPoko Pants Standar XL 38. Popok ini cocok dipakai untuk bayi dengan berat 12-17kg. Dibuat dari bahan yang lembut dan berdaya serap tinggi, membuat kulit bayi tetap kering sehingga jauh dari ruam popok.. Kulit bayi bebas dari iritasi. Daya serap cairan tinggi. Popok tipe celana yang praktis digunakan"
Merries Pants Good Skin S-26,Rp 43.700,In Stock,cat2,Pakaikan si kecil popok Merries Pants Good Skin S 26 agar ia selalu nyaman setiap saat. Popok model celana ini memiliki daya serap tinggi sehingga tidak mudah bocor. Hadir dengan lapisan popok yang lembut sehingga si kecil tetap nyaman beraktivitas saat memakainya.. Brand popok bayi no. 1 di Jepang selama 9 tahun berturut-turut. Lapisan popok selembut katun. Tidak berbekas di pinggang
Neppi Premium Diaper Pants M 28,Rp 70.619,In Stock,cat3,"Pakaikan si kecil popok Neppi Premium Diaper Pants M 28 agar ia selalu nyaman setiap saat. Popok model celana ini memiliki daya serap tinggi sehingga tidak mudah bocor. Dirancang membalut pinggang si kecil dan pada daerah pipis bayi, sehingga membuatnya tetap nyaman digunakan.. Popok bayi berkualitas premium. Bahan yang lembut di kulit bayi. Efektif dan cepat menyerap urine"
Pampers Popok Celana L-42 Premium Care,Rp 158.700,In Stock,cat3,"Pakaikan si kecil Pampers Popok Celana L-42 Premium Care, popok celana bayi yang memiliki inovasi terkini agar ia bisa tidur dengan nyenyak. Popok sekali pakai ini mampu menjaga permukaannya tetap kering hingga 12 jam sehingga membuat bayi dapat bangun dengan ceria di pagi hari.. Memilki Super GelTMberdaya serap tinggi (membuatnya tetap kering hingga 12 jam). Material super lembut yang memberikan kenyamanan setiap waktu. Dibuat dengan sirkulasi udara terbaik untuk memberikan kesegaran setiap saat dan menjaga kulit tetap kering"
Pampers Popok Celana XL-54 Premium Care,Rp 196.200,In Stock,cat2,"Pakaikan si kecil Pampers Popok Celana XL-54 Premium Care, popok celana bayi yang memiliki inovasi terkini agar ia bisa tidur dengan nyenyak. Popok sekali pakai ini mampu menjaga permukaannya tetap kering hingga 12 jam sehingga membuat bayi dapat bangun dengan ceria di pagi hari.. Memilki Super GelTMberdaya serap tinggi (membuatnya tetap kering hingga 12 jam). Material super lembut yang memberikan kenyamanan setiap waktu. Dibuat dengan sirkulasi udara terbaik untuk memberikan kesegaran setiap saat dan menjaga kulit tetap kering"
Pienter! Organic Long Sleeved Onesie Brown Sugar,Rp 160.000,In Stock,cat1,"Jadikan penampilan si kecil semakin menggemaskan dengan memakaikannya Pienter! Organic Long-Sleeved Onesie Brown Sugar. Pakaian anak berupa jumper lengan panjang ini terbuat dari bahan katun organik sehingga sangat aman dan nyaman saat dikenakan. Buah hati Anda pun akan beraktivitas dengan lebih ceria!. Model lucu dengan warna cerah yang menarik. Produk lokal buatan Indonesia. Soft fabric, bahan halus dan lembut"
Pienter! Organic Long Sleeved Tee Brown Sugar,Rp 140.000,In Stock,cat1,"Jadikan penampilan si kecil semakin menggemaskan dengan memakaikannya Pienter! Organic Long-Sleeved Tee Brown Sugar. Pakaian anak berupa kaus lengan panjang ini terbuat dari bahan katun organik sehingga sangat aman dan nyaman saat dikenakan. Buah hati Anda pun akan beraktivitas dengan lebih ceria!. Model lucu dengan warna cerah yang menarik. Produk lokal buatan Indonesia. Soft fabric, bahan halus dan lembut"
Pienter! Organic Long Sleeved Tee Firecracker Orange,Rp 140.000,In Stock,cat1,"Jadikan penampilan si kecil semakin menggemaskan dengan memakaikannya Pienter! Organic Long-Sleeved Tee Firecracker Orange. Pakaian anak berupa kaus lengan panjang ini terbuat dari bahan katun organik sehingga sangat aman dan nyaman saat dikenakan. Buah hati Anda pun akan beraktivitas dengan lebih ceria!. Model lucu dengan warna cerah yang menarik. Produk lokal buatan Indonesia. Soft fabric, bahan halus dan lembut"
Pienter! Organic Long Sleeved Tee Gumdrop Green,Rp 140.000,In Stock,cat1,"Jadikan penampilan si kecil semakin menggemaskan dengan memakaikannya Pienter! Organic Long-Sleeved Tee Gumdrop Green. Pakaian anak berupa kaus lengan panjang ini terbuat dari bahan katun organik sehingga sangat aman dan nyaman saat dikenakan. Buah hati Anda pun akan beraktivitas dengan lebih ceria!. Model lucu dengan warna cerah yang menarik. Produk lokal buatan Indonesia. Soft fabric, bahan halus dan lembut"
Pienter! Organic Long Sleeved Tee Milky Blue,Rp 140.000,In Stock,cat1,"Jadikan penampilan si kecil semakin menggemaskan dengan memakaikannya Pienter! Organic Long-Sleeved Tee Milky Blue. Pakaian anak berupa kaus lengan panjang ini terbuat dari bahan katun organik sehingga sangat aman dan nyaman saat dikenakan. Buah hati Anda pun akan beraktivitas dengan lebih ceria!. Model lucu dengan warna cerah yang menarik. Produk lokal buatan Indonesia. Soft fabric, bahan halus dan lembut"
Pienter! Organic Long Sleeved Tee Pink Lemonade,Rp 140.000,In Stock,cat2,"Jadikan penampilan si kecil semakin menggemaskan dengan memakaikannya Pienter! Organic Long-Sleeved Tee Pink Lemonade. Pakaian anak berupa kaus lengan panjang ini terbuat dari bahan katun organik sehingga sangat aman dan nyaman saat dikenakan. Buah hati Anda pun akan beraktivitas dengan lebih ceria!. Model lucu dengan warna cerah yang menarik. Produk lokal buatan Indonesia. Soft fabric, bahan halus dan lembut"
Pienter! Organic Short Sleeved Onesie Brown Sugar,Rp 140.000,In Stock,cat2,"Jadikan penampilan si kecil semakin menggemaskan dengan memakaikannya Pienter! Organic Short-Sleeved Onesie Brown Sugar. Pakaian anak berupa jumper lengan pendek ini terbuat dari bahan katun organik sehingga sangat aman dan nyaman saat dikenakan. Buah hati Anda pun akan beraktivitas dengan lebih ceria!. Model lucu dengan warna cerah yang menarik. Produk lokal buatan Indonesia. Soft fabric, bahan halus dan lembut"
Pienter! Organic Short Sleeved Onesie Firecracker Org,Rp 140.000,In Stock,cat2,"Jadikan penampilan si kecil semakin menggemaskan dengan memakaikannya Pienter! Organic Short-Sleeved Onesie Firecracker Orange. Pakaian anak berupa jumper lengan pendek ini terbuat dari bahan katun organik sehingga sangat aman dan nyaman saat dikenakan. Buah hati Anda pun akan beraktivitas dengan lebih ceria!. Model lucu dengan warna cerah yang menarik. Produk lokal buatan Indonesia. Soft fabric, bahan halus dan lembut"
Pienter! Organic Short Sleeved Onesie Gumdrop Green,Rp 140.000,In Stock,cat1,"Jadikan penampilan si kecil semakin menggemaskan dengan memakaikannya Pienter! Organic Short-Sleeved Onesie Gumdrop Green. Pakaian anak berupa jumper lengan pendek ini terbuat dari bahan katun organik sehingga sangat aman dan nyaman saat dikenakan. Buah hati Anda pun akan beraktivitas dengan lebih ceria!. Model lucu dengan warna cerah yang menarik. Produk lokal buatan Indonesia. Soft fabric, bahan halus dan lembut"
Pienter! Organic Short Sleeved Onesie Milky Blue,Rp 140.000,In Stock,cat2,"Jadikan penampilan si kecil semakin menggemaskan dengan memakaikannya Pienter! Organic Short-Sleeved Onesie Milky Blue. Pakaian anak berupa jumper lengan pendek ini terbuat dari bahan katun organik sehingga sangat aman dan nyaman saat dikenakan. Buah hati Anda pun akan beraktivitas dengan lebih ceria!. Model lucu dengan warna cerah yang menarik. Produk lokal buatan Indonesia. Soft fabric, bahan halus dan lembut"
Pienter! Organic Short Sleeved Tee Blazing Yellow,Rp 120.000,In Stock,cat2,"Jadikan penampilan si kecil semakin menggemaskan dengan memakaikannya Pienter! Organic Short-Sleeved Tee Blazing Yellow. Pakaian anak berupa kaus lengan pendek ini terbuat dari bahan katun organik sehingga sangat aman dan nyaman saat dikenakan. Buah hati Anda pun akan beraktivitas dengan lebih ceria!. Model lucu dengan warna cerah yang menarik. Produk lokal buatan Indonesia. Soft fabric, bahan halus dan lembut"
Pokana Baby Diapers Super Jumbo Pants L 48,Rp 82.100,In Stock,cat3,"Pastikan bayi merasa nyaman saat beraktivitas dengan memakaikannya Pokana Baby Diapers Super Jumbo Pants L 48. Popok celana berdaya serap cepat yang didesain khusus untuk bayi dengan berat badan 9-14 kg.. Double side leak guards, mencegah resiko kebocoran samping. Breathable material dan rapid dry system untuk menjaga kulit bayi tetap kering. Permukaan berpori, membantu cairan cepat masuk dan sirkulasi udara yang baik (popok menjadi lebih kering dan mencegah iritasi)"
Sweety Pantz Gold Regular Pack M 34,Rp 97.100,In Stock,cat2,"Gunakan popok berbentuk celana praktis Sweety Pantz Gold Regular Pack L 28 untuk dipakaikan pada bayi yang aktif bergerak. Popok ini dilengkapi dengan Diamond Layer Technology, teknologi lapisan bermotif berlian yang menyerap cepat sehingga kulit bayi tetap kering.. Bahan lapisan sehalus kain yang menyentuh lembut kulit bayi. Karet lembut yang tidak menimbulkan iritasi dan mudah disobek. Dapat digunakan oleh bayi perempuan/laki-laki (unisex)"
Takoyakids Adorable Polkadot Dress Girl Mint,Rp 89.900,In Stock,cat2,"Pakaian Takoyakids sangat adem dan nyaman untuk dikenakan anak perempuan yang berusia 6 bulan – 3 tahun. Dibuat dengan desain yang trendy dan lucu, membuat Si Kecil tampil lebih stylish, bergaya, dan tetap nyaman saat beraktivitas."
Takoyakids Betsy Floral Sets Girl Pink,Rp 109.900,In Stock,cat3,"Pakaian Takoyakids sangat adem dan nyaman untuk dikenakan anak perempuan yang berusia 6 bulan – 3 tahun. Dibuat dengan desain yang trendy dan lucu, membuat Si Kecil tampil lebih stylish, bergaya, dan tetap nyaman saat beraktivitas."
Takoyakids Everyday Darling Rabbit Sets Girl Yellow,Rp 89.900,In Stock,cat1,"Pakaian Takoyakids sangat adem dan nyaman untuk dikenakan anak perempuan yang berusia 6 bulan – 3 tahun. Dibuat dengan desain yang trendy dan lucu, membuat Si Kecil tampil lebih stylish, bergaya, dan tetap nyaman saat beraktivitas."
Takoyakids Kira Kimono Dress Sets Baby Pink,Rp 99.000,In Stock,cat2,"Yuk, lengkapi koleksi pakaian buah hati Anda dengan mendapatkan Takoyakids Kira Kimono Dress Sets Baby Pink. Pakaian anak berupa kimono dress dan celana bloomers ini terbuat dari bahan Single Jersey berkualitas tinggi sehingga nyaman dikenakan oleh si kecil.. Detail tali pita di bagian kiri. Cocok dikenakan saat bepergian atau bermain. Ideal untuk anak perempuan"
Takoyakids Kira Kimono Dress Sets Misty Gray,Rp 99.000,In Stock,cat2,"Yuk, lengkapi koleksi pakaian buah hati Anda dengan mendapatkan Takoyakids Kira Kimono Dress Sets Misty Gray. Pakaian anak berupa kimono dress dan celana bloomers ini terbuat dari bahan Single Jersey berkualitas tinggi sehingga nyaman dikenakan oleh si kecil.. Detail tali pita di bagian kiri. Cocok dikenakan saat bepergian atau bermain. Ideal untuk anak perempuan"
Takoyakids Lyla Racer Back Dress Terracota,Rp 95.000,In Stock,cat2,"Yuk, lengkapi koleksi pakaian buah hati Anda dengan mendapatkan Takoyakids Lyla Racel Back Dress Terracota. Pakaian anak berupa dress dan celana bloomers ini terbuat dari bahan Jersey berkualitas tinggi sehingga nyaman dikenakan oleh si kecil.. Detail bukaan kancing belakang. Cocok dikenakan saat bepergian atau bermain. Ideal untuk anak perempuan"
Takoyakids Remi Harem Jumpsuit Olive,Rp 89.000,In Stock,cat2,"Yuk, lengkapi koleksi pakaian buah hati Anda dengan mendapatkan Takoyakids Remi Harem Jumpsuit Olive. Pakaian anak berupa harem jumpsuit ini terbuat dari bahan Jersey berkualitas tinggi sehingga nyaman dikenakan oleh si kecil.. Jumpsuit kaus tanpa lengan dengan model celana Harem. Terdapat 2 kantong tempel di bagian depan. Ideal untuk anak perempuan"
Takoyakids Sally Knit Girl Cardigan Pink,Rp 129.000,In Stock,cat3,Cardigan. Warna Pink. Detail kancing depan. Mungkin terdapat perbedaan warna produk yang terlihat pada monitor dibanding warna sebenarnya
Takoyakids Willow Dress Girl Peach,Rp 89.900,In Stock,cat2,"Pakaian Takoyakids sangat adem dan nyaman untuk dikenakan anak perempuan yang berusia 6 bulan – 3 tahun. Dibuat dengan desain yang trendy dan lucu, membuat Si Kecil tampil lebih stylish, bergaya, dan tetap nyaman saat beraktivitas."
Takoyakids Zuna Girl Pants Pink,Rp 109.000,In Stock,cat1,Celana Panjang. Girl. Karet Pinggang. Mungkin terdapat perbedaan warna produk yang terlihat pada monitor dibanding warna sebenarnya
